timestamp,request_time_ms,response_time_ms,api_latency_ms,response_code,final_response,prompt,full_response_json
2025-Mar-24 23:44:24,1.74E+12,1.74E+12,4599,200,"Sure! Here are 5 ideas to spark your creativity and get you started:

### 1. **Create a Niche Blog or Website**
   - Focus on a specific topic you're passionate about, such as eco-friendly living, personal finance tips, or gaming strategies.
   - Monetize it through ads, affiliate marketing, or selling digital products (e.g., eBooks, courses).

### 2. **Launch a Side Hustle**
   - Start a handmade product shop (e.g.,",Give me 5 ideas to start with.,"{""choices"": [{""content_filter_results"": {""hate"": {""filtered"": false, ""severity"": ""safe""}, ""protected_material_code"": {""filtered"": false, ""detected"": false}, ""protected_material_text"": {""filtered"": false, ""detected"": false}, ""self_harm"": {""filtered"": false, ""severity"": ""safe""}, ""sexual"": {""filtered"": false, ""severity"": ""safe""}, ""violence"": {""filtered"": false, ""severity"": ""safe""}}, ""finish_reason"": ""length"", ""index"": 0, ""logprobs"": null, ""message"": {""content"": ""Sure! Here are 5 ideas to spark your creativity and get you started:\n\n### 1. **Create a Niche Blog or Website**\n   - Focus on a specific topic you're passionate about, such as eco-friendly living, personal finance tips, or gaming strategies.\n   - Monetize it through ads, affiliate marketing, or selling digital products (e.g., eBooks, courses).\n\n### 2. **Launch a Side Hustle**\n   - Start a handmade product shop (e.g.,"", ""refusal"": null, ""role"": ""assistant""}}], ""created"": 1742840058, ""id"": ""chatcmpl-BEgbS4ugPz12OLiXsdDZLHjWxBosC"", ""model"": ""gpt-4o-2024-11-20"", ""object"": ""chat.completion"", ""prompt_filter_results"": [{""prompt_index"": 0, ""content_filter_results"": {""hate"": {""filtered"": false, ""severity"": ""safe""}, ""jailbreak"": {""filtered"": false, ""detected"": false}, ""self_harm"": {""filtered"": false, ""severity"": ""safe""}, ""sexual"": {""filtered"": false, ""severity"": ""safe""}, ""violence"": {""filtered"": false, ""severity"": ""safe""}}}], ""system_fingerprint"": ""fp_ded0d14823"", ""usage"": {""completion_tokens"": 100, ""completion_tokens_details"": {""accepted_prediction_tokens"": 0, ""audio_tokens"": 0, ""reasoning_tokens"": 0, ""rejected_prediction_tokens"": 0}, ""prompt_tokens"": 16, ""prompt_tokens_details"": {""audio_tokens"": 0, ""cached_tokens"": 0}, ""total_tokens"": 116}}"
2025-Mar-24 23:45:36,1.74284E+12,1.74284E+12,1765,200,"Certainly! Here are **five great content writing ideas** to kickstart your creative process and produce engaging, impactful content:

---

### **1. Solve a Problem for Your Audience**
   - Write content that directly addresses your audience's pain points or challenges. Provide actionable solutions, tips, or insights they can implement right away.
   - **Example**: ""10 Proven Strategies to Boost Your Productivity in Just One Week"" or ""How to Create a Winning Resume That Lands Interviews.""

---

### **2",Give me 5 ideas to start with a great content writing.,"{""choices"": [{""content_filter_results"": {""hate"": {""filtered"": false, ""severity"": ""safe""}, ""protected_material_code"": {""filtered"": false, ""detected"": false}, ""protected_material_text"": {""filtered"": false, ""detected"": false}, ""self_harm"": {""filtered"": false, ""severity"": ""safe""}, ""sexual"": {""filtered"": false, ""severity"": ""safe""}, ""violence"": {""filtered"": false, ""severity"": ""safe""}}, ""finish_reason"": ""length"", ""index"": 0, ""logprobs"": null, ""message"": {""content"": ""Certainly! Here are **five great content writing ideas** to kickstart your creative process and produce engaging, impactful content:\n\n---\n\n### **1. Solve a Problem for Your Audience**\n   - Write content that directly addresses your audience's pain points or challenges. Provide actionable solutions, tips, or insights they can implement right away.\n   - **Example**: \""10 Proven Strategies to Boost Your Productivity in Just One Week\"" or \""How to Create a Winning Resume That Lands Interviews.\""\n\n---\n\n### **2"", ""refusal"": null, ""role"": ""assistant""}}], ""created"": 1742840133, ""id"": ""chatcmpl-BEgcfW3Dz0Ly3IFPGGSJNonKkPFOX"", ""model"": ""gpt-4o-2024-11-20"", ""object"": ""chat.completion"", ""prompt_filter_results"": [{""prompt_index"": 0, ""content_filter_results"": {""hate"": {""filtered"": false, ""severity"": ""safe""}, ""jailbreak"": {""filtered"": false, ""detected"": false}, ""self_harm"": {""filtered"": false, ""severity"": ""safe""}, ""sexual"": {""filtered"": false, ""severity"": ""safe""}, ""violence"": {""filtered"": false, ""severity"": ""safe""}}}], ""system_fingerprint"": ""fp_ded0d14823"", ""usage"": {""completion_tokens"": 100, ""completion_tokens_details"": {""accepted_prediction_tokens"": 0, ""audio_tokens"": 0, ""reasoning_tokens"": 0, ""rejected_prediction_tokens"": 0}, ""prompt_tokens"": 20, ""prompt_tokens_details"": {""audio_tokens"": 0, ""cached_tokens"": 0}, ""total_tokens"": 120}}"
2025-Mar-24 23:54:13,1.74284E+12,1.74284E+12,2148,200,"Certainly! Here are five ideas to help you kickstart great content writing:

---

### **1. Know Your Audience**
Understanding your target audience is key to creating effective content. Ask yourself:
- Who are they? (Age, interests, profession, etc.)
- What problems or needs do they have?
- What tone and language will resonate with them?
Spend time researching your audience's preferences and craft your content to meet their expectations. Tailoring your writing to their interests will make your work more engaging",Give me 5 ideas to start with a great content wrting.,"{""choices"": [{""content_filter_results"": {""hate"": {""filtered"": false, ""severity"": ""safe""}, ""protected_material_code"": {""filtered"": false, ""detected"": false}, ""protected_material_text"": {""filtered"": false, ""detected"": false}, ""self_harm"": {""filtered"": false, ""severity"": ""safe""}, ""sexual"": {""filtered"": false, ""severity"": ""safe""}, ""violence"": {""filtered"": false, ""severity"": ""safe""}}, ""finish_reason"": ""length"", ""index"": 0, ""logprobs"": null, ""message"": {""content"": ""Certainly! Here are five ideas to help you kickstart great content writing:\n\n---\n\n### **1. Know Your Audience**\nUnderstanding your target audience is key to creating effective content. Ask yourself:\n- Who are they? (Age, interests, profession, etc.)\n- What problems or needs do they have?\n- What tone and language will resonate with them?\nSpend time researching your audience's preferences and craft your content to meet their expectations. Tailoring your writing to their interests will make your work more engaging"", ""refusal"": null, ""role"": ""assistant""}}], ""created"": 1742840649, ""id"": ""chatcmpl-BEgkz1LRl1EHJWSPwADnJEtZQIgxZ"", ""model"": ""gpt-4o-2024-11-20"", ""object"": ""chat.completion"", ""prompt_filter_results"": [{""prompt_index"": 0, ""content_filter_results"": {""hate"": {""filtered"": false, ""severity"": ""safe""}, ""jailbreak"": {""filtered"": false, ""detected"": false}, ""self_harm"": {""filtered"": false, ""severity"": ""safe""}, ""sexual"": {""filtered"": false, ""severity"": ""safe""}, ""violence"": {""filtered"": false, ""severity"": ""safe""}}}], ""system_fingerprint"": ""fp_ded0d14823"", ""usage"": {""completion_tokens"": 100, ""completion_tokens_details"": {""accepted_prediction_tokens"": 0, ""audio_tokens"": 0, ""reasoning_tokens"": 0, ""rejected_prediction_tokens"": 0}, ""prompt_tokens"": 21, ""prompt_tokens_details"": {""audio_tokens"": 0, ""cached_tokens"": 0}, ""total_tokens"": 121}}"
